set,tier,name,traits,apiName,desc
0,1-Silver,Augmented Power,,TFT_Augment_PowerUp,Your next augment is one tier higher.
0,1-Silver,Backup,,TFT_Augment_Backup,Your team gains 11% Attack Speed if at least 4 allies start combat in the back two rows.
0,1-Silver,Backup Bows,,TFT_Augment_ComponentQuestBow,"Gain a Recurve Bow. After your team attacks 1000 times, gain 2 more. Attacks: [TFTUnitProperty.item:TFT_Augment_ComponentQuest_Tracker]"
0,1-Silver,Backup Bows,,TFT_Augment_ComponentQuestBow_PAIRS,"Gain a Recurve Bow. After your team attacks 1200 times, gain 2 more. Attacks: [TFTUnitProperty.item:TFT_Augment_ComponentQuest_Tracker]"
0,1-Silver,Beggars Can Be Choosers,,TFT_Augment_BeggarsCanBeChoosers,You get +3 Augment rerolls for all other augment choices. Gain 7 gold.
0,1-Silver,Blacksmith Training,,TFT_Augment_BlacksmithTraining,"Whenever you build an item, gain a completed item anvil instead. That anvil always offers the item built + 2 other options. Gain a random component."
0,1-Silver,Boxing Lessons,,TFT_Augment_BoxingLessons,Your team gains 30 Health for each ally that starts combat in the front row.
0,1-Silver,Branching Out,,TFT_Augment_BranchingOut,Gain a random Emblem.
0,1-Silver,Branching Out+,,TFT_Augment_BranchingOutPlus,Gain a random Emblem and a Reforger. Reforgers allow you to remake any item.
0,1-Silver,Bulking Up I,,TFT_Augment_BulkingUp1,"Your team gains 35 Health. After each round, they gain 8 more. (Current Health: [TFTUnitProperty.item:TFT_BulkingUp1Rounds])"
0,1-Silver,Bulky Buddies I,,TFT_Augment_BulkyBuddies1,"Allies that start combat next to exactly 1 other ally gain 100 Health. When that champion dies, the other gains a 10% max Health Shield for 10 seconds."
0,1-Silver,Bulwark,,TFTTutorial_Augment_FrontRowHealth1,Combat start: Your champions in the front 2 rows gain 100 Health.
0,1-Silver,Called Shot,,TFT_Augment_CalledShot,Set your win streak to 4. Gain 4 gold.
0,1-Silver,Carve a Path,,TFT_Augment_ComponentQuestSword_PAIRS,"Gain a B.F. Sword. After your team deals 82000 physical damage, gain 2 more. Damage dealt: [TFTUnitProperty.item:TFT_Augment_ComponentQuest_Tracker]"
0,1-Silver,Carve a Path,,TFT_Augment_ComponentQuestSword,"Gain a B.F. Sword. After your team deals 65000 physical damage, gain 2 more. Damage dealt: [TFTUnitProperty.item:TFT_Augment_ComponentQuest_Tracker]"
0,1-Silver,Chaotic Evolution,,TFT_Augment_ChaosEvolution,"Starring up a champion grants them one of the following: 100 Health, 5% Durability, 10% Ability Power, 10% Attack Damage, 10% Attack Speed. Bonuses stack."
0,1-Silver,Charge Transfer I,,TFT_Augment_ChargeTransfer1,Your team gains 7% Damage Amp. 50% of overkill damage is dealt to the nearest enemy as magic damage.
0,1-Silver,Climb The Ladder I,,TFT_Augment_ClimbTheLadder1,"Each time an ally dies, allies that share at least one trait with them gain 3.5% Ability Power, 3.5% Attack Damage, 3.5 Armor, and 3.5 Magic Resist."
0,1-Silver,Cognitive Tax,,TFT_Augment_CognitiveTax,Gain 8 gold and 1 XP.
0,1-Silver,Cognitive Tax+,,TFT_Augment_CognitiveTaxPlus,Gain 12 gold and 3 XP.
0,1-Silver,Combat Bandages I,,TFT_Augment_DawnbringersBlessing1,"The first time each ally unit falls below 60.0% health, they restore 100-[flathealing3] health (based on stage) over 2.5 seconds."
0,1-Silver,Continuous Conjuration,,TFT_Augment_ComponentQuestRod,"Gain a Needlessly Large Rod. After your team deals 42000 magic damage, gain 2 more. Damage dealt: [TFTUnitProperty.item:TFT_Augment_ComponentQuest_Tracker]"
0,1-Silver,Continuous Conjuration,,TFT_Augment_ComponentQuestRod_PAIRS,"Gain a Needlessly Large Rod. After your team deals 45000 magic damage, gain 2 more. Damage dealt: [TFTUnitProperty.item:TFT_Augment_ComponentQuest_Tracker]"
0,1-Silver,Corrosion,,TFT_Augment_Corrosion,Enemies in the first two rows lose 4 Armor and Magic Resist every 2 seconds.
0,1-Silver,Crafted Crafting,,TFT_Augment_CraftedCrafting,"Whenever you craft a completed item, gain 2 rerolls."
0,1-Silver,Critical Success,,TFT_Augment_ComponentQuestGlove_PAIRS,"Gain a Sparring Glove. After your team's attacks critically strike 385 times, gain 2 more. Critical strikes: [TFTUnitProperty.item:TFT_Augment_ComponentQuest_Tracker]"
0,1-Silver,Critical Success,,TFT_Augment_ComponentQuestGlove,"Gain a Sparring Glove. After your team's attacks critically strike 320 times, gain 2 more. Critical strikes: [TFTUnitProperty.item:TFT_Augment_ComponentQuest_Tracker]"
0,1-Silver,Crossfire,,TFT_Augment_Crossfire1,"Enemies take 5% damage as bonus true damage, increased by 0% up to 25% every time they take damage."
0,1-Silver,Delayed Shipment,,TFT_Augment_DelayedShipment,"After 10 player combats, choose one of the following Artifacts: Manazane, Sniper's Focus, Hullcrusher. Rounds remaining: [TFTUnitProperty.item:TFT_Augment_DelayedShipment_Counter]"
0,1-Silver,Delayed Start,,TFT_Augment_HeadStart,Sell your board and bench. Gain 4 random 2-star [tier]-cost champions. Disable your Shop for the next [roundstoskip] rounds.
0,1-Silver,Diversified Portfolio,,TFT_Augment_DiversifiedPortfolio1,"Gain 1 gold. Each round, gain 1 gold for every 3 non-unique traits active. Gold Bonus: [TFTUnitProperty.item:TFT_Augment_DiversifiedPortfolio_GoldReturned]"
0,1-Silver,Diversified Portfolio+,,TFT_Augment_DiversifiedPortfolio2,"Gain 4 gold. Each round, gain 1 gold for every 3 non-unique traits active. Gold Bonus: [TFTUnitProperty.item:TFT_Augment_DiversifiedPortfolio_GoldReturned]"
0,1-Silver,Dummify,,TFT_Augment_Dummify,Lose all champions on your board and bench. Gain a Training Dummy with 60% of their combined Health. The Training Dummy gains 1000 Health per stage. Gain a non-Tank 2-star 2-cost champion.
0,1-Silver,Efficient Shopper,,TFT_Augment_EfficientShopper,"For the next 4 carousels, gain a second copy of the champion taken. Gain 4 gold now."
0,1-Silver,Efficient Shopper II,,TFT_Augment_EfficientShopper2,"For the next 3 carousels, gain a second copy of the champion taken and its item. Gain 2 gold now."
0,1-Silver,Expedition,,TFT_Augment_Expedition,"At the start of every round, lose the champion in the rightmost bench slot. After losing 33 gold of champions in this way, gain a powerful reward. Gain a 3-cost champion now. [TFTUnitProperty.item:TFT_Augment_Expedition_Tooltip]"
0,1-Silver,Extra Buckles,,TFT_Augment_ComponentQuestBelt_PAIRS,"Gain a Giant's Belt. After your team takes 90000 damage, gain 2 more. Damage taken: [TFTUnitProperty.item:TFT_Augment_ComponentQuest_Tracker]"
0,1-Silver,Extra Buckles,,TFT_Augment_ComponentQuestBelt,"Gain a Giant's Belt. After your team takes 75000 damage, gain 2 more. Damage taken: [TFTUnitProperty.item:TFT_Augment_ComponentQuest_Tracker]"
0,1-Silver,Eye For An Eye,,TFT_Augment_EyeForAnEye,"For every 15 ally champions that die, gain a random component (max 3). Deaths Remaining: [TFTUnitProperty.item:TFT_Augment_EyeForAnEyeDeaths]"
0,1-Silver,Eye For An Eye+,,TFT_Augment_EyeForAnEyePlus,"Gain a random component. For every 18 ally champions that die, gain another component (max 2). Deaths Remaining: [TFTUnitProperty.item:TFT_Augment_EyeForAnEyeDeaths]"
0,1-Silver,Feeling Lucky,,TFT_Augment_FeelingLucky,"Gain 12 gold, then flip a coin. If heads, gain 4 more gold. [TFTUnitProperty.item:TFT_Augment_FeelingLucky_Tooltip]"
0,1-Silver,Final Resistance,,TFT_Augment_FinalResistance,"Each time an allied champion dies, 30% Shred and Sunder the nearest 4 enemies for 6 seconds. Shred: reduces Magic Resist, Sunder: reduces Armor"
0,1-Silver,Find Your Center,,TFT_Augment_FindYourCenter,Your champion that starts combat in the center of the front row gains 15% Damage Amp and 25% max Health.
0,1-Silver,Firesale,,TFT_Augment_FiresalePlus,"Each round, steal a random 3-cost or lower champion from the shop. Gain 1 gold."
0,1-Silver,Firesale,,TFT_Augment_Firesale,"Each round, steal a random [CostLimit]-cost or lower champion from the shop. Gain 1 gold."
0,1-Silver,Flowing Tears,,TFT_Augment_ComponentQuestTear_PAIRS,"Gain a Tear of the Goddess. After your team spends 7800 Mana, gain 2 more. Mana spent: [TFTUnitProperty.item:TFT_Augment_ComponentQuest_Tracker]"
0,1-Silver,Flowing Tears,,TFT_Augment_ComponentQuestTear,"Gain a Tear of the Goddess. After your team spends 6500 Mana, gain 2 more. Mana spent: [TFTUnitProperty.item:TFT_Augment_ComponentQuest_Tracker]"
0,1-Silver,Focused Fire,,TFT_Augment_MarksMan,"Your team gains 10% Attack Damage. Every 5 seconds, they gain 5% more."
0,1-Silver,Glass Cannon I,,TFT_Augment_GlassCannonI,Allies that start combat in the back row begin combat at 80.0% Health but gain 15% Damage Amp.
0,1-Silver,Group Hug I,,TFT_Augment_GroupHug1,Combat start: Allies grant other adjacent allies 6 Armor and Magic Resist. This effect stacks.
0,1-Silver,Health is Wealth I,,TFT_Augment_WealthyRehab1,Your team gains 10% Omnivamp. Get a bonus of 8 gold when your team first accumulates 10000 total champion healing. Total Healing: [TFTUnitProperty.item:TFT_Augment_WealthyRehabHealing]
0,1-Silver,Instant Gratification,,TFT_Augment_InstantGratification,The first copy of each unlockable 1- 3 cost champion you purchase is upgraded to 2-star. Gain 8 gold.
0,1-Silver,Item Collector I,,TFT_Augment_ItemCollector1,"For each unique item they are holding, your team gains 0% Attack Damage and 1% Ability Power."
0,1-Silver,Item Ladder,,TFT_Augment_ItemLadder,Gain a temporary item that unequips and transforms at the start of each round. The item quality increases each Stage.
0,1-Silver,Kick Start,,TFT_Augment_KickStart,Gain a random 2-star 2-cost champion and 1 gold.
0,1-Silver,Kingslayer,,TFT_Augment_Kingslayer,"Now and after every player combat, gain 1 gold. If you win against a player who had more health than you, gain 6 gold instead."
0,1-Silver,Lineup,,TFT_Augment_Lineup,Your team gains 2 Armor and Magic Resist for each ally that starts combat in the front two rows.
0,1-Silver,Lit Fuse,,TFT_Augment_Incoming,Allies that start in the back two rows split 60 total Mana after 6 seconds of combat.
0,1-Silver,Lone Hero,,TFT_Augment_LoneHero,Your last surviving champion gains 140.0% Attack Speed and 34% Durability
0,1-Silver,Manaflow I,,TFT_Augment_Manaflow1,Your allies that start combat in the back row gain 2 additional Mana per attack.
0,1-Silver,Mentorship I,,TFT_Augment_Mentorship1,"If an ally starts combat next to a higher-cost ally, it gains 10% Attack Speed and 100 Health."
0,1-Silver,On The House,,TFT_Augment_OnTheHouse,"Whenever you star up a champion, gain [gold] gold. Gain 4 gold now."
0,1-Silver,On a Roll,,TFT_Augment_Waverider,"Whenever you star up a champion that you fielded last combat, gain [NumRolls] free Shop rerolls. Gain 6 gold."
0,1-Silver,One For All I,,TFT_Augment_AllForOneI,Your team gains 1% max Health and 0% Damage Amp for each unique one-cost champion on your board. Gain 2 one-costs.
0,1-Silver,Page of Swords,,TFT_Augment_PageOfSwords,Gain 2 B.F. Swords.
0,1-Silver,Patience is a Virtue,,TFT_Augment_PatienceIsAVirtue,"Gain 4 rerolls now. Each round, gain 1 free rerolls if you did not buy a champion last round."
0,1-Silver,Petricite Armor I,,TFT_Augment_PetriciteArmorI,Your team takes 9% reduced damage from champion abilities.
0,1-Silver,Placebo,,TFT_Augment_Placebo,Your team gains 0% Attack Speed. Gain 8 gold.
0,1-Silver,Placebo+,,TFT_Augment_PlaceboPlus,Your team gains 0% Attack Speed. Gain 14 gold.
0,1-Silver,Pocket Recombobulator,,TFT_Augment_PocketRecombobulator,"Get 2 Pocket Recombobulators, a consumable that transforms a 1 or 2-cost champion into one of a higher cost. They keep their Star level. Also receive 2 Reforgers."
0,1-Silver,Precise Planning,,TFT_Augment_PerfectLoss,"When you win or lose combat by 4 or fewer units, gain [GoldToGive] gold next round."
0,1-Silver,Precise Smithing,,TFT_Augment_PreciseSmithing,"Reforging items and Artifacts grants an anvil of the same value instead. Gain 1 component and 2 reforger now, and 1 reforgers every stage. Includes components and Radiant Items, but does not affect Emblems or Tactician's Items."
0,1-Silver,Reroll Transfer,,TFT_Augment_RerollTransfer,"For every 1 unused Augment Reroll, gain 3 free shop rerolls. Gain 1 gold. Does not include the round this augment is selected."
0,1-Silver,Restart Mission,,TFT_Augment_RestartMission,"Remove all champions on your board and bench. Gain 2 random 2-star 3-costs, 2 2-star 2-costs, and 1 2-star 1-cost champion."
0,1-Silver,Rigged Shop,,TFT_Augment_RiggedShop,Your next shop and every [NumRolls] shops will contain all 3-cost champions.
0,1-Silver,Rigged Shop+,,TFT_Augment_RiggedShopPlus,Your next shop and every [NumRolls] shops will contain all 3-cost champions. Gain 5 rerolls.
0,1-Silver,Silver Destiny,,TFT_Augment_SilverDestiny,Gain a random Silver Augment and 2 gold.
0,1-Silver,Silver Destiny+,,TFT_Augment_SilverDestinyPlus,Gain a random Silver Augment and 4 gold.
0,1-Silver,Silver Destiny++,,TFT_Augment_SilverDestinyPlusPlus,Gain a random Silver Augment and 7 gold.
0,1-Silver,Size Matters,,TFT_Augment_SizeMatters,"Gain a Giant's Belt. After a champion starts combat with more than [HealthRequired] max Health, gain a Warmog's Armor."
0,1-Silver,Slice of Life,,TFT_Augment_SliceOfLife,"Twice per stage, gain a random champion. Its cost increases by Stage. This effect ends after receiving 1 5-cost champion."
0,1-Silver,Slightly Magic Roll,,TFT_Augment_MagicRollMinus,Roll a die. Gain rewards based on the number rolled. Reward: [TFTUnitProperty.item:TFT_Augment_MagicRoll]
0,1-Silver,Small Grab Bag,,TFT_Augment_SmallGrabBag,Gain 2 random item components.
0,1-Silver,Splash Zone,,TFTTutorial_Augment_FrontRowMana1,Combat start: Your champions in the front 2 rows gain 20 Mana.
0,1-Silver,Stock Market,,TFT_Augment_StockMarket,"At the start of every stage, the cost of each unit tier shuffles."
0,1-Silver,Superstars I,,TFT_Augment_SuperstarsSilver,"Your team deals 5% more damage, increased by 1% for every 3-star champion on your team. Gain 2 rerolls. Bonus: [TFTUnitProperty.item:TFT_Augment_SuperstarsTotalDamageBonus]%"
0,1-Silver,Support Mining,,TFT_Augment_SupportMining,"Gain a Training Dummy. When it dies 8 times, gain a random Support Item and remove the Training Dummy."
0,1-Silver,Support Mining+,,TFT_Augment_SupportMiningPlus,"Gain a Training Dummy. When it dies 7 times, gain a random Support Item and remove the Training Dummy."
0,1-Silver,Survivor,,TFT_Augment_Survivor,"Gain 4 gold. After 3 players are eliminated, gain 100 more gold."
0,1-Silver,Swift Strike,,TFTTutorial_Augment_BackRowAS1,Combat start: Your champions in the back 2 rows gain 20 Attack Speed.
0,1-Silver,Table Scraps,,TFT_Augment_TableScraps,"After the next 2 carousels, gain one champion that was not taken and its item. Gain 1 gold."
0,1-Silver,The Tower,,TFT_Augment_TheTower,"Gain a giant Training Dummy with increased Health (increases with Stage). Every 4 seconds, it zaps the 3 nearest enemies dealing 5% max Health true damage."
0,1-Silver,Titanic Titan,,TFT_Augment_TitanicTitan,"Increase your current and max player Health by 25. On carousel rounds you are released earlier, but are much slower."
0,1-Silver,Twin Guardians,,TFT_Augment_TwinGuardians,"If you have exactly 2 allies in your first row, grant them 100 bonus Health, 35 Armor, and 35 Magic Resist."
6,1-Silver,Cybernetic Shell I,,TFT6_Augment_CyberneticShell1,Your champions holding an item gain 80 Health and 30 Armor.
6,1-Silver,Cybernetic Uplink I,,TFT6_Augment_CyberneticUplink1,Allies holding an item gain 80 Health and 2 Mana Regen. Gain a Tear of the Goddess.
6,1-Silver,Double Trouble I,,TFT6_Augment_Twins1,"When you field exactly 2 copies of a champion, they both gain 25% Attack Damage and 25% Ability Power, Armor, and Magic Resist. When you 3-star, gain a 2-star copy."
6,1-Silver,Electrocharge I,,TFT6_Augment_Electrocharge1,"Every 4 attacks an ally takes, they deal 30-90 (based on current Stage) magic damage to nearby enemies (1 second cooldown)."
6,1-Silver,Future Sight I,,TFT6_Augment_FuturePeepers,Know who you will fight next. Gain a Zephyr.
6,1-Silver,Keepers I,,TFT6_Augment_Keepers1,Combat start: Grant units with adjacent allies a 130 Health Shield for 8 seconds. This Shield stacks.
6,1-Silver,Luden's Echo I,,TFT6_Augment_LudensEcho1,"Every [ManaThreshold] Mana spent, your units next instance of Ability damage deals an additional 35-80 (based on current Stage) magic damage to the target and a nearby enemy."
6,1-Silver,"One, Two, Five!",,TFT6_Augment_OneTwoFive,"Gain 1 random component, 2 gold, and 1 random 5-cost champion."
6,1-Silver,Recombobulator,,TFT6_Augment_Recombobulator,Champions on your board permanently transform into random champions 1 cost tier higher (max 5). Gain 2 Magnetic Removers and 3 rerolls.
6,1-Silver,Second Wind,,TFT6_Augment_SecondWind1,"After 10 seconds of combat, your team heals 40% of their missing Health."
6,1-Silver,Tiny Titans,,TFT6_Augment_TinyTitans,Increase your current and max player health by [heal].
6,1-Silver,Tiny Titans,,TFT6_Augment_Legend_TinyTitans,Increase your current and max player health by [heal].
6,1-Silver,Tri Force I,,TFT6_Augment_TriForce1,"Your Tier 3 champions gain 150 Health, 10 starting Mana, and 10% Attack Speed."
7,1-Silver,AFK,,TFT7_Augment_AFK,"You cannot perform actions for the next 3 rounds. Afterwards, gain 17 gold."
7,1-Silver,AFK,,TFT7_Augment_Legend_AFK,"You cannot perform actions for the next 3 rounds. Afterwards, gain 17 gold."
7,1-Silver,Astral Crest,TFT7_Astral,TFT7_Augment_AstralEmblem,Gain an Astral Emblem and a Lux.
7,1-Silver,Astral Heart,TFT7_Astral,TFT7_Augment_AstralTrait,Your team counts as having 1 additional Astral. Gain a Lux.
7,1-Silver,Axiom Arc I,,TFT7_Augment_AxiomArc1,Your team gains 25 Mana on kill.
7,1-Silver,Best Friends I,,TFT7_Augment_BestFriends1,Allies isolated in pairs gain 10% Attack Speed and 9 Armor and Magic Resist at the start of combat.
7,1-Silver,Big Friend I,,TFT7_Augment_BigFriend,Allies that start combat next to an ally with over 1750 Health gain 10% Durability. Gain a Giant's Belt.
7,1-Silver,Cannoneer Heart,TFT7_Cannoneer,TFT7_Augment_CannoneerTrait,Your team counts as having 1 additional Cannoneer. Gain an Aphelios.
7,1-Silver,Cavalier Heart,TFT7_Cavalier,TFT7_Augment_CavalierTrait,Your team counts as having 1 additional Cavalier. Gain a Rell.
7,1-Silver,Consistency,,TFT7_Augment_Consistency,Gain double win and loss streak gold.
7,1-Silver,Cosmic Hemomancy,TFT7_Shimmerscale|TFT7_Guardian,TFT7_Augment_VladimirCarry,"Gain a Vladimir. Your strongest Vladimir becomes a Caster. He no longer Heals, but gains 2 range and every fourth cast damages enemies in an area around his target. Enemies damaged lose Magic Resist."
7,1-Silver,Dragonmancer Heart,TFT7_Dragonmancer,TFT7_Augment_DragonmancerTrait,Your team counts as having 1 additional Dragonmancer. Gain a Kai'Sa.
7,1-Silver,Evoker Heart,TFT7_Evoker,TFT7_Augment_EvokerTrait,Your team counts as having 1 additional Evoker. Gain a Zyra.
7,1-Silver,Guardian Heart,TFT7_Guardian,TFT7_Augment_GuardianTrait,Your team counts as having 1 additional Guardian. Gain a Zac.
7,1-Silver,Guild Heart,TFT7_Guild,TFT7_Augment_GuildTrait,Your team counts as having 1 additional Guild. Gain a Twitch.
7,1-Silver,Jade Crest,TFT7_Jade,TFT7_Augment_JadeEmblem,Gain a Jade Emblem and a Gnar.
7,1-Silver,Late Game Specialist,,TFT7_Augment_LategameSpecialist,"When you reach Level 9, gain 27 gold."
7,1-Silver,Mage Heart,TFT7_Mage,TFT7_Augment_MageTrait,Your team counts as having 1 additional Mage. Gain a Lillia.
7,1-Silver,Mirage Heart,TFT7_Mirage,TFT7_Augment_MirageTrait,Your team counts as having 1 additional Mirage. Gain a Yone.
7,1-Silver,Mystic Heart,TFT7_Mystic,TFT7_Augment_MysticTrait,Your team counts as having 1 additional Mystic. Gain a Rakan.
7,1-Silver,Preparation I,,TFT7_Augment_Preparation1HR,"Champions on your bench permanently gain 35 Health, 4% Attack Damage, and 4% Ability Power every round. Champions start with 1 stack of this effect, and can stack up to 3 times."
7,1-Silver,Preparation I,,TFT7_Augment_Preparation,"Champions on your bench permanently gain 30 Health, 3% Attack Damage, and 3% Ability Power every round. Champions start with 1 stack of this effect, and can stack up to 4 times."
7,1-Silver,Ragewing Heart,TFT7_Ragewing,TFT7_Augment_RagewingTrait,Your team counts as having 1 additional Ragewing. Gain a Rakan.
7,1-Silver,Revel Heart,TFT7_Revel,TFT7_Augment_RevelTrait,Your team counts as having 1 additional Revel. Gain a Jinx.
7,1-Silver,Scalescorn Heart,TFT7_Scalescorn,TFT7_Augment_ScalescornTrait,Your team counts as having 1 additional Scalescorn. Gain a Braum.
7,1-Silver,Shapeshifter Heart,TFT7_Shapeshifter,TFT7_Augment_ShapeshifterTrait,Your team counts as having 1 additional Shapeshifter. Gain a Gnar.
7,1-Silver,Shimmerscale Crest,TFT7_Shimmerscale,TFT7_Augment_ShimmerscaleEmblem,Gain a Shimmerscale Emblem and a Jax.
7,1-Silver,Soul Eater,TFT7_Shimmerscale|TFT7_Guardian,TFT7_Augment_NasusCarry,"Gain a Nasus. Your strongest Nasus becomes a Fighter. He now slams his staff on enemies, dealing physical damage. If this kills the enemy, Nasus gains permanent Attack Damage."
7,1-Silver,Swiftshot Heart,TFT7_Swiftshot,TFT7_Augment_SwiftshotTrait,Your team counts has having 1 additional Swiftshot. Gain a Twitch.
7,1-Silver,Tempest Heart,TFT7_Tempest,TFT7_Augment_TempestTrait,Your team counts as having 1 additional Tempest. Gain a Qiyana.
7,1-Silver,Warrior Heart,TFT7_Warrior,TFT7_Augment_WarriorTrait,Your team counts as having 1 additional Warrior. Gain a Yone.
7,1-Silver,Whispers Heart,TFT7_Whispers,TFT7_Augment_WhispersTrait,Your team counts as having 1 additional Whispers. Gain a Zyra.
9,1-Silver,All Natural I,,TFT9_Augment_AllNatural,Champions that aren't holding items gain [health] Health and heal for 0% of their max Health each second.
9,1-Silver,Balanced Budget,,TFT9_Augment_BalancedBudget,"At the start of the next 4 rounds, gain [gold] gold."
9,1-Silver,Battle Ready,,TFT9_Augment_BattleReady,Your team deals 3% more damage and takes 3% less damage.
9,1-Silver,Blistering Strikes,,TFT9_Augment_RedBuff,Your team's attacks Burn their targets for 5% of their max Health over 5 seconds. Attacks also reduce their targets' healing received by 33%.
9,1-Silver,Blood Money,,TFT9_Augment_BloodMoney,Gain 3 gold per 10 Health your Tactician loses.
9,1-Silver,Blood Price I,,TFT9_Augment_BloodPrice1,Your team gains 2.5% Attack Speed for each 10 missing player health.
9,1-Silver,Branching Out,,TFT9_Augment_Legend_BranchingOut,Gain a random Emblem.
9,1-Silver,Buried Treasures I,,TFT9_Augment_BuildingACollection,Gain a random item component now and at the start of the next 2 rounds.
9,1-Silver,Buried Treasures I,,TFT9_Augment_Legend_BuildingACollection,Gain a random item component now and at the start of the next 2 rounds.
9,1-Silver,Caretaker's Ally,,TFT9_Augment_BardPlaybook1,Gain a random 2-cost champion now. Gain the same one again every time you level up. Champion: [TFTUnitProperty.item:TFT_Augment_WorthTheWait]
9,1-Silver,Caretaker's Ally,,TFT9_Augment_Legend_BardPlaybook1,Gain a random 2-cost champion now. Gain the same one again every time you level up. Champion: [TFTUnitProperty.item:TFT_Augment_WorthTheWait]
9,1-Silver,Component Buffet,,TFT9_Augment_CustomerIsAlwaysRight,"Whenever you would get a component, gain a component anvil instead. Gain a random component now. The anvil offers 4 choices."
9,1-Silver,Cutting Corners,,TFT9_Augment_CuttingCorners,Leveling up costs 3 XP less.
9,1-Silver,Cutting Corners,,TFT9_Augment_Legend_CuttingCorners,Leveling up costs 3 XP less.
9,1-Silver,Cybernetic Bulk I,,TFT9_Augment_CyberneticBulk1,Your champions holding an item gain [health] Health.
9,1-Silver,Cybernetic Leech I,,TFT9_Augment_CyberneticLeech1,Champions holding an item gain [health] Health and [omnivamp]% Omnivamp.
9,1-Silver,Final Grab Bag,,TFT9_Augment_FinalGrabBag,"Gain a random component, 10 gold, and a Reforger."
9,1-Silver,Gotta Go Fast!,,TFT9_Augment_GottaGoFast,Your team creates 10% more Mana and moves 35% faster.
9,1-Silver,Harmacist I,,TFT9_Augment_Harmacist1,Your team has 10% Omnivamp and converts 20% of excess healing to true damage on their next attack. (Omnivamp: healing for a percent of damage dealt)
9,1-Silver,Healing Orbs I,,TFT9_Augment_HealingOrbsI,"When an enemy dies, the nearest ally is healed for 250."
9,1-Silver,Inconsistency,,TFT9_Augment_Inconsistency,"If your streak is less than 3, gain 2 gold."
9,1-Silver,Indomitable Will,,TFT9_Augment_IndomitableWill,"When your team scores a takedown, they shed all negative effects and become immune to crowd control for [duration] seconds."
9,1-Silver,Iron Assets,,TFT9_Augment_IronAssets,Gain a component anvil and 3 gold.
9,1-Silver,It Pays To Learn,,TFT9_Augment_ItPaysToLearn,Gain 10 XP and 8 gold.
9,1-Silver,Jeweled Lotus I,,TFT9_Augment_LesserJeweledLotus,Combat start: Your strongest unit gains 40% Critical Strike Chance and their abilities can critically strike.
9,1-Silver,Jeweled Lotus I,,TFT9_Augment_Legend_LesserJeweledLotus,Combat start: Your strongest unit gains 40% Critical Strike Chance and their abilities can critically strike.
9,1-Silver,Job's Done,,TFT9_Augment_Commander_SmallForgePlus,Gain 1 component anvil and 1 random component.
9,1-Silver,Knowledge Download I,,TFT9_Augment_Commander_Experience1,Gain 12 XP.
9,1-Silver,Latent Forge,,TFT9_Augment_LongTimeCraftingHR,"After [NumberOfCombats] player combats, gain an Artifact anvil. The anvil offers 4 choices. Artifacts are more powerful items with a unique effect."
9,1-Silver,Latent Forge,,TFT9_Augment_LongTimeCrafting,"After [NumberOfCombats] player combats, gain an Artifact anvil. The anvil offers 4 choices. Artifacts are more powerful items with a unique effect."
9,1-Silver,Latent Forge,,TFT9_Augment_Legend_LongTimeCrafting,"After [NumberOfCombats] player combats, gain an Artifact anvil. The anvil offers 4 choices. Artifacts are more powerful items with a unique effect."
9,1-Silver,Long Distance Pals,,TFT9_Augment_LongDistanceRelationship1,"Combat start: Your 2 units furthest from each other form a bond, sharing 20% of their Armor, Magic Resist, Attack Damage, and Ability Power with each other."
9,1-Silver,Missed Connections,,TFT9_Augment_MissedConnections,Gain a copy of each 1-cost champion.
9,1-Silver,Missing Link,,TFT9_Augment_Jackpot,"After you reroll your Shop 40 times, gain a copy of each 5-cost champion. (Rerolls this game: [TFTUnitProperty.item:TFT9_JackpotRolls])"
9,1-Silver,Money!,,TFT9_Augment_Commander_Money,"Gain [gold] gold. In 4 turns, gain [gold] gold again."
9,1-Silver,On a Roll,,TFT9_Augment_Legend_OnARoll,"Whenever you star up a champion, gain up to 3 free Shop rerolls per round. Gain 1 gold."
9,1-Silver,On a Roll,,TFT9_Augment_OnARoll,"Whenever you star up a champion, gain up to 3 free Shop rerolls per round. Gain 1 gold."
9,1-Silver,One Two Three,,TFT9_Augment_OneTwosThree,"Gain 2 1-cost champion, [numchamps] 2-cost champion, and 1 3-cost champion."
9,1-Silver,One Two Three,,TFT9_Augment_Legend_OneTwosThree,"Gain 2 1-cost champion, [numchamps] 2-cost champion, and 1 3-cost champion."
9,1-Silver,Parting Gifts,,TFT9_Augment_DangerousToGoAlone,"When a champion dies, the nearest ally with open slots receives a temporary copy of an item they were holding and a [shieldratio*100]% max Health Shield."
9,1-Silver,Pumping Up I,,TFT9_Augment_PumpingUpHR,"Your team gains 5% Attack Speed. After each round, they gain 1% more. (Current Attack Speed: [TFTUnitProperty.item:TFT9_PumpingUpRounds]%)"
9,1-Silver,Pumping Up I,,TFT9_Augment_PumpingUp,"Your team gains 6% Attack Speed. After each round, they gain 0.5% more. (Current Attack Speed: [TFTUnitProperty.item:TFT9_PumpingUpRounds]%)"
9,1-Silver,Pumping Up I,,TFT9_Augment_Legend_PumpingUp,"Your team gains 6% Attack Speed. After each round, they gain 0.5% more. (Current Attack Speed: [TFTUnitProperty.item:TFT9_PumpingUpRounds]%)"
9,1-Silver,Risky Moves,,TFT9_Augment_RiskyMoves,"Your Tactician loses 20 Health, but after 7 player combats, gain 26 gold."
9,1-Silver,Rolling For Days I,,TFT9_Augment_Commander_RollingForDays,Gain 10 free Shop rerolls.
9,1-Silver,Silver Spoon,,TFT9_Augment_SilverSpoon,Gain 10 XP.
9,1-Silver,Small Forge,,TFT9_Augment_Commander_SmallForge,Gain a component anvil and [gold] gold.
9,1-Silver,Social Distancing I,,TFT9_Augment_SocialDistancing,Combat start: Allies with no adjacent teammates gain 10% Attack Damage and 10 Ability Power.
9,1-Silver,Spoils of War I,,TFT9_Augment_DravenSpoilsOfWar,Enemies have a 25% chance to drop loot when killed.
9,1-Silver,Spoils of War I,,TFT9_Augment_Legend_DravenSpoilsOfWar,Enemies have a 25% chance to drop loot when killed.
9,1-Silver,Stationary Support I,,TFT9_Augment_StationarySupport1HR,"After 4 player combats, gain 1 Training Dummy(s) with 1 permanently attached Support item(s)."
9,1-Silver,Stationary Support I,,TFT9_Augment_StationarySupport1,"After 8 player combats, gain 1 Training Dummy(s) with 1 permanently attached Support item(s)."
9,1-Silver,Team Building,,TFT9_Augment_ArmyBuildingHR,Gain a Lesser Champion Duplicator. Gain another after 3 player combats. This item allows you to copy a 3-cost or less champion.
9,1-Silver,Team Building,,TFT9_Augment_ArmyBuilding,Gain a Lesser Champion Duplicator. Gain another after 5 player combats. This item allows you to copy a 3-cost or less champion.
9,1-Silver,Teaming Up,,TFT9_Augment_Commander_TeamingUp1,Gain 1 random component and 2 random 3-cost champions.
9,1-Silver,Tiny Grab Bag,,TFT9_Augment_TinyGrabBag,"Gain a random component, 2 gold, a Magnetic Remover."
9,1-Silver,Tiny Power I,,TFT9_Augment_Commander_TinyPower1,"Your team gains [ap]% Attack Damage, Ability Power, and Attack Speed."
9,1-Silver,Training Reward,,TFT9_Augment_TopDeck,Gain 5 gold and a Lesser Champion Duplicator.
9,1-Silver,Transfusion I,,TFT9_Augment_Transfusion,"Your units gain 20 Health, plus 2 Health per missing Tactician Health."
9,1-Silver,Transfusion I,,TFT9_Augment_Legend_Transfusion,"Your units gain 20 Health, plus 2 Health per missing Tactician Health."
9,1-Silver,Unburdened I,,TFT9_Augment_AirspeedVelocity1,Your units without items equipped gain 30.0% Attack Speed.
9,1-Silver,Unified Resistance I,,TFT9_Augment_Formation1,"If you have 3 or more champions in the same row at the start of combat, they all gain [armor] Armor and Magic Resist."
9,1-Silver,Well-Earned Comforts I,,TFT9_Augment_Commander_WellEarnedComforts,Your units gain 70 Health for each item equipped.
9,1-Silver,Young and Wild and Free,,TFT9_Augment_YoungAndWildAndFree,You can always move freely on Carousel rounds. Gain 5 gold.
10,1-Silver,Good For Something I,,TFT10_Augment_GoodForSomethingSilver,Champions that aren't holding items have a [dropchance*100]% chance to drop 1 gold on death.
10,1-Silver,Help Is On The Way,,TFT10_Augment_HelpIsOnTheWay,"After [NumberOfCombats] player combats, choose 1 of 4 Support items."
10,1-Silver,Reach the Summit,,TFT10_Augment_ReachTheSummit,"When you reach Level 9, gain 50 XP and 10 Gold."
10,1-Silver,Silver Veil,,TFT10_Augment_SilverVeil,Your team gains 5% Attack Speed and is immune to the first crowd control effect in combat.
10,1-Silver,Sticks And Stones,,TFT10_Augment_SticksAndStones,"Champions that aren't holding items Shred and Sunder enemies for 3 seconds. Physical damage Sunders for 30%, and magic damage Shreds for 30%. Shred: reduces Magic Resist, Sunder: reduces Armor"
10,1-Silver,Stimpack,,TFT10_Augment_Stimpack,Gain 4 components after you lose 50 player health. (Health lost this game: [TFTUnitProperty.item:TFT10_Augment_Stimpack_HealthLost])
10,1-Silver,Switching Gears,,TFT10_Augment_SwitchingGears,Gain 3 gold whenever you break your win or loss streak.
10,1-Silver,Vampirism I,,TFT10_Augment_Vampirism,Your team gains 20 Health. Gain another 2 Health and 0% Omnivamp per 5 missing player health. (Omnivamp: healing for a percent of damage dealt)
11,1-Silver, The Golden Remover,,TFT11_Augment_GoldenRemover,Gain a Golden Remover and component item anvil. Golden Remover is an Item Remover with infinite uses.
11,1-Silver,Blood Money,,TFT11_Augment_SoulCollector,Gain [Gold] gold per [HealthPerGold] Health your Tactician loses.
11,1-Silver,Fine Vintage,,TFT11_Augment_FineVintage,Completed items left on your bench for [Rounds] rounds transform into Support&nbsp;Anvils.
11,1-Silver,Lunch Money,,TFT11_Augment_BloodBank,Every 8 damage you deal to enemy tacticians gives you 2 gold. Total Payouts: [TFTUnitProperty.item:TFT11_BloodBankPayoutTotal] Gold
11,1-Silver,Over Encumbered,,TFT11_Augment_OverEncumbered,"For the next stage, you only get 2 bench slots. After, get [Components] item&nbsp;components."
11,1-Silver,Pick of the Litter,,TFT11_Augment_PickOfTheLitter,"Open a special Shop with 3 free 3-cost champions. You can only pick 1, but you get 2 copies of it."
11,1-Silver,Pick of the Litter+,,TFT11_Augment_PickOfTheLitter_Plus,"Open a special Shop with 3 free 4-cost champions. You can only pick 1, but you get 2 copies of it."
11,1-Silver,Sharing Is Caring,,TFT11_Augment_SharingIsCaring,Combat start: You gain 1 gold and your opponent gains 1 gold.
11,1-Silver,Vampirism I,,TFT11_Augment_Common_ExampleAug,Your team gains [BaseHP] Health. Gain another [BonusHPPer5MissingHealth] Health and [OmnivampPercentPer5MissingHealth*100]% Omnivamp per 5 missing player health. (Omnivamp: healing for a percent of damage dealt)
11,1-Silver,Wandering Trainer I,,TFT11_Augment_WanderingTrainerSilver,Gain a Training Dummy with 1 permanently attached Emblems. Gain 1 gold.
13,1-Silver,Blade Dance,TFT13_Titan|TFT13_Rebel,TFT13_Augment_IreliaCarry,"Gain an Irelia. Your strongest Irelia gains 60.0% Attack Speed and gains a brand new Ability that dashes her between two targets, dealing physical damage to both."
13,1-Silver,Combat Medic,TFT13_Titan|TFT13_Crime,TFT13_Augment_FishCarry,"Gain a Steb. Your strongest Steb's Ability's Mana cost is reduced by 10, but no longer heals. Steb's spell grants 30% Omnivamp and strikes 3 times, each dealing 65.0%."
13,1-Silver,Guided Anomaly,,TFT13_Augment_GuidedAnomaly,Gain 10 free Anomaly rerolls. Unused rerolls are converted to gold. Gain 10 gold now.
13,1-Silver,Mad Chemist,TFT13_Titan|TFT13_Crime,TFT13_Augment_SingedCarry,"Gain a Singed. Your strongest Singed cannot attack but constantly runs, leaving a poison trail dealing magic damage over time. His Ability will always target himself and instead grants 30% Omnivamp and Move Speed."
13,1-Silver,This WILL Work,TFT13_Family|TFT13_Scrap|TFT13_Ambusher,TFT13_Augment_BlueCarry,"Gain a Powder. Your strongest Powder's explosion radius is increased by two hexes, has different damage falloff, but deals 50% damage to ALLIES."
13,1-Silver,Trolling,TFT13_Bruiser|TFT13_Scrap,TFT13_Augment_TrundleCarry,"Gain a Trundle. Your strongest Trundle's Ability no longer heals, but grants him 140% Attack Speed for 5 seconds, and permanently grants him 1.5% Attack Damage. His maximum mana is reduced by 50."
14,1-Silver,Adaptive Strikes,TFT14_Armorclad|TFT14_EdgeRunner,TFT14_Augment_JaxCarry,Gain a Jax. Your strongest Jax's attacks deal bonus magic damage every 3rd attack which gets stronger each time. His ability grants Attack Speed.
14,1-Silver,Button Mash,TFT14_Cyberboss|TFT14_Armorclad,TFT14_Augment_PoppyCarry,Gain a Poppy. Your strongest Poppy's ability is replaced with a 3-hit Wallop.
14,1-Silver,Cease and Desist,TFT14_Vanguard|TFT14_Suits,TFT14_Augment_ViCarry,"Gain a Vi. Your strongest Vi gains Attack Speed and her ability dashes to the farthest target within 3-hexes, Stuns, and deals bonus physical damage."
14,1-Silver,Wolf Unchained,TFT14_AnimaSquad|TFT14_Vanguard,TFT14_Augment_SylasCarry,"Gain a Sylas. Your strongest Sylas's ability deals more damage and recasts on kill, but his Health gain no longer scales with Ability Power."
15,1-Silver,Nine Thousand Volts,,TFT15_Augment_KennenCarry,Gain a Kennen. Your strongest Kennen becomes a ranged Marksman. He throws piercing Shurikens that can stun and deal magic damage.
15,1-Silver,Perfect Form,,TFT15_Augment_ZacCarry,Gain a Zac. Your strongest Zac becomes a Specialist. He now bounces around the battlefield dealing damage in a one hex radius.
15,1-Silver,Schoolyard Justice,,TFT15_Augment_GarenCarry,"Gain a Garen. Your strongest Garen becomes a Fighter. He no longer Heals, but deals more damage and executes weak enemies."
15,1-Silver,Tectonic Titan,,TFT15_Augment_MalphiteCarry,"Gain a Malphite. Your strongest Malphite becomes a Fighter, gaining increased Attack Speed. He now charges at nearby enemies, knocking them up and dealing heavy damage."
16,1-Silver,Air Axiom,,TFT16_Augment_AirAxiom,Gain an Air Hex. Champions within gain 25% Attack Speed and their damage 30.0% Sunders enemies for 5 seconds.
16,1-Silver,Artillery Barrage,TFT16_Yordle|TFT16_Defender,TFT16_Augment_RumbleCarry,"Gain a Rumble. Your strongest Rumble gains +7 Range and constantly fires missiles at enemies, increased with Attack Speed."
16,1-Silver,Earth Axiom,,TFT16_Augment_EarthAxiom,"Gain an Earth Hex. Champions within gain 40 Armor and Magic Resist. At 50% Health, they Stun enemies within 2 hexes for 2 seconds."
16,1-Silver,Fire Axiom,,TFT16_Augment_FireAxiom,Gain a Fire Hex. Champions within gain 15% Attack Damage and Ability Power. Their damage 0% Burns and 33.0% Wounds for 6 seconds.
16,1-Silver,Hammer of Orlon,TFT16_Demacia|TFT16_Yordle|TFT16_Juggernaut,TFT16_Augment_PoppyCarry,Gain an Illaoi. Your strongest Illaoi becomes a Fighter. Her Ability is replaced with an airborne slam that's recast when she kills her target.
16,1-Silver,Leap of Faith,TFT16_Bilgewater|TFT16_Brawler,TFT16_Augment_IllaoiCarry,Gain an Illaoi. Your strongest Illaoi becomes a Fighter. Her Ability is replaced with an airborne slam that's recast when she kills her target.
16,1-Silver,Rocket Fist,TFT16_Zaun|TFT16_Juggernaut,TFT16_Augment_BlitzcrankCarry,Gain a Blitzcrank. Your strongest one becomes an Attack Fighter. His Ability no longer shields but instead fires a hook towards the furthest enemy and gains powerful punches for a set amount of attacks.
16,1-Silver,Shadow Dash,TFT16_Ionia|TFT16_Brawler,TFT16_Augment_ShenCarry,Gain a Shen. Your strongest Shen becomes an Attack Fighter. His Ability is replaced with a dash that strikes low Health enemies. The number of dashes increases with each cast.
16,1-Silver,Trials of Twilight,TFT16_Ionia|TFT16_Demacia|TFT16_Warden,TFT16_Augment_XinZhaoCarry,"Gain 2 Xin Zhao. Your strongest Xin Zhao constantly strikes nearby enemies and executes enemies. After 2 player combats as a 3-star, unlock Zaahen. He replaces Xin Zhao and takes his items."
16,1-Silver,Trials of Twilight II,TFT16_Ionia|TFT16_Demacia|TFT16_Warden,TFT16_Augment_XinZhaoCarryII,"Gain 1 Xin Zhao and a Bloodthirster. Xin Zhao becomes an Attack Fighter. After 2 player combats as a 3-star, unlock Zaahen. At the start of the next 2 stages, gain a Lesser Champion Duplicator."
16,1-Silver,Vorpal Spikes,TFT16_Void|TFT16_Juggernaut,TFT16_Augment_ChoGathCarry,Gain a Cho'Gath. Your strongest Cho'Gath gains +1 Attack Range and his attacks launch spikes that deal magic damage based on his max Health.
16,1-Silver,Water Axiom,,TFT16_Augment_WaterAxiom,Gain a Water Hex. Champions within gain 3 Mana Regen. Their damage 30.0% Shreds enemies for 5 seconds.
16,1-Silver,Wood Axiom,,TFT16_Augment_WoodAxiom,"Gain a Wood Hex. Champions within gain 15% max Health. After combat, they permanently gain 55 Health."
17,1-Silver,Bonk!,,TFT17_Augment_NasusCarry,Gain a Nasus. Your strongest Nasus becomes an Attack Fighter with a single target Ability that gets stronger with each kill.
17,1-Silver,Precise Smithing,,TFT17_MarketOffering_Augment_PreciseSmithing,"Reforging items and Artifacts grants an anvil of the same value instead. Gain 1 component and 2 reforger now, and 1 reforgers every stage. Includes components and Radiant Items, but does not affect Emblems or Tactician's Items."
17,1-Silver,Shieldmaiden,,TFT17_Augment_LeonaCarry,"Gain a Leona. Your strongest Leona becomes an Attack Fighter that dashes through enemies to deal physical damage, stunning the first target hit."
17,1-Silver,Stellar Combo,,TFT17_Augment_AatroxCarry,Gain an Aatrox. Your strongest Aatrox becomes an Attack Fighter with an ability that swaps between three different strikes.
17,1-Silver,Termeepnal Velocity,,TFT17_Augment_PoppyCarry,Gain a Poppy. Your strongest Poppy becomes a ranged Attack Caster that flings a high-velocity Meep at her target.
17,1-Silver,Yasuo's Golden Hex,,TFT17_Augment_YasuoGodAugment_GoldenHex,"Paint a Golden Hex. The unit in the hex gains 250 health, 25% attack speed, and drops 1 gold on kill."
